0,1,149,2,148,3,147,4,146,5,145,6,144,7,143
1,0,2,3,4,148,5,147,6,146,7,145,8,144
2,0,1,4,5,149,6,148,7,147,8,146,9,145,88,125
3,0,1,4,6,7,149,8,148,9,10,146,60
4,0,1,2,3,5,6,8,9,149,10,148,11,147,100
5,0,1,2,4,6,7,8,9,10,11,149,12,148
6,0,1,2,3,4,5,7,8,9,10,11,12,13,149
7,0,1,2,3,5,6,10,11,12,13,14,57,47,8
8,1,2,3,4,5,6,7,9,10,11,12,13,14,15,26,85
9,2,3,4,5,6,8,10,11,12,13,14,15,16
10,3,4,5,6,7,8,9,11,12,13,14,15,16,17
11,4,5,6,7,8,9,10,12,13,14,15,16,17,18,137
12,5,6,7,8,9,10,11,13,14,15,16,17,18,19
13,6,7,8,9,10,11,12,14,15,16,17,18,19,20
14,7,8,9,10,11,12,13,15,16,17,18,19,20,21
15,8,9,10,11,12,13,14,16,17,18,19,20,21,22
16,9,10,11,12,13,14,15,18,19,21,22,126,41,60,24
17,10,11,12,13,14,15,18,19,20,21,22,23,24,99
18,11,12,13,14,15,16,17,19,20,21,22,23,25,135,124,117
19,12,13,14,15,16,17,18,20,21,22,23,24,25,26
20,13,14,15,17,18,19,21,22,23,24,25,26,27
21,14,15,16,17,18,19,20,23,25,26,27,28,59,53
22,15,16,17,18,19,20,23,24,25,26,27,28,29
23,17,18,19,20,21,22,24,25,26,27,28,30,39
24,16,17,19,20,22,23,25,26,27,28,29,30,31,139,84,103
25,18,19,20,21,22,23,24,26,27,28,29,30,31,32
26,8,19,20,21,22,23,24,25,27,29,30,32,33,115
27,20,21,22,23,24,25,26,28,29,30,31,32,33,144
28,21,22,23,24,25,27,29,30,31,32,33,34,142
29,22,24,25,26,27,28,30,31,32,33,34,35,36
30,23,24,25,26,27,28,29,31,32,33,34,35,36,37
31,24,25,27,28,29,30,32,33,34,35,36,37,38
32,25,26,27,28,29,30,31,33,34,35,36,37,38,39
33,26,27,28,29,30,31,32,34,35,36,37,38,39,40
34,28,29,30,31,32,33,35,36,37,38,39,40,41
35,29,30,31,32,33,34,36,37,38,39,40,41,42
36,29,30,31,32,33,34,35,37,38,39,40,41,42,43
37,30,31,32,33,34,35,36,38,39,40,41,42,43,44
38,31,32,33,34,35,36,37,39,40,41,42,43,44,45,58
39,23,32,33,34,35,36,37,38,40,41,42,44,45,46,92
40,33,34,35,36,37,38,39,41,42,43,44,46,47,80,71
41,16,34,35,36,37,38,39,40,42,43,44,45,46,47,48
42,35,36,37,38,39,40,41,43,44,45,46,47,48,49,80
43,36,37,38,40,41,42,44,45,46,47,48,49,50
44,37,38,39,40,41,42,43,45,46,47,48,49,50,51
45,38,39,41,42,43,44,46,47,48,49,50,51,52
46,39,40,41,42,43,44,45,47,48,49,50,51,52,53
47,7,40,41,42,43,44,45,46,49,50,51,52,53,54
48,41,42,43,44,45,46,49,50,51,52,53,54,55
49,42,43,44,45,46,47,48,50,51,52,53,54,55,56
50,43,44,45,46,47,48,49,51,52,53,54,55,56,57
51,44,45,46,47,48,49,50,52,53,54,55,56,57,58
52,45,46,47,48,49,50,51,53,55,56,57,58,59,148
53,21,46,47,48,49,50,51,52,54,55,56,57,58,59,60,90
54,47,48,49,50,51,53,55,56,57,58,59,60,61
55,48,49,50,51,52,53,54,56,57,58,59,60,61,62
56,49,50,51,52,53,54,55,57,58,59,60,61,62,63,80
57,7,50,51,52,53,54,55,56,58,59,60,61,62,63,64
58,38,51,52,53,54,55,56,57,59,60,61,63,64,65
59,21,52,53,54,55,56,57,58,60,61,62,63,64,65,66
60,3,16,53,54,55,56,57,58,59,61,63,64,65,67,131
61,54,55,56,57,58,59,60,62,63,64,66,67,68,88
62,55,56,57,59,61,63,64,65,66,67,68,69
63,56,57,58,59,60,61,62,64,65,66,67,68,69,70
64,57,58,59,60,61,62,63,65,66,67,68,69,70,71
65,58,59,60,62,63,64,66,67,68,69,70,71,72
66,59,61,62,63,64,65,67,68,69,70,71,72,73,128
67,60,61,62,63,64,65,66,68,69,70,71,72,73,74
68,61,62,63,64,65,66,67,69,70,71,72,73,74,75
69,62,63,64,65,66,67,68,70,71,72,73,74,75,76
70,63,64,65,66,67,68,69,71,72,73,74,75,76,77
71,40,64,65,66,67,68,69,70,72,73,74,75,76,77
72,65,66,67,68,69,70,71,73,74,75,76,77,78,79
73,66,67,68,69,70,71,72,74,75,76,77,78,79,80
74,67,68,69,70,71,72,73,75,76,77,78,80,81,87,140
75,68,69,70,71,72,73,74,76,77,78,79,80,81,82,147
76,69,70,71,72,73,74,75,77,78,79,80,81,82,83
77,70,71,72,73,74,75,76,78,79,80,81,82,83,84
78,72,73,74,75,76,77,79,80,81,82,83,84,85,125
79,72,73,75,76,77,78,80,81,82,83,84,85,86
80,40,42,56,73,74,75,76,77,78,79,82,83,85,86,87,139
81,74,75,76,77,78,79,82,83,84,85,86,87,88
82,75,76,77,78,79,80,81,83,85,86,87,88,89,111
83,76,77,78,79,80,81,82,84,85,86,87,88,89,90
84,24,77,78,79,81,83,85,86,87,89,90,91
85,8,78,79,80,81,82,83,84,86,87,88,89,90,91
86,79,80,81,82,83,84,85,87,88,89,90,91,92,93
87,74,80,81,82,83,84,85,86,88,89,90,91,92,93,94
88,2,61,81,82,83,85,86,87,89,90,91,92,93,94,95
89,82,83,84,85,86,87,88,90,91,92,93,94,95,96
90,53,83,84,85,86,87,88,89,91,92,93,94,95,96
91,84,85,86,87,88,89,90,92,93,94,95,96,97,98,149
92,39,86,87,88,89,90,91,93,94,95,96,97,98,99
93,86,87,88,89,90,91,92,94,95,96,97,98,99,100
94,87,88,89,90,91,92,93,96,97,98,99,100,128,126
95,88,89,90,91,92,93,96,97,98,99,100,101,102
96,89,90,91,92,93,94,95,97,98,99,100,101,102,103
97,91,92,93,94,95,96,98,99,100,102,103,104,118
98,91,92,93,94,95,96,97,99,100,101,102,103,104,105
99,17,92,93,94,95,96,97,98,100,101,102,104,105,106
100,4,93,94,95,96,97,98,99,101,102,103,104,105,106,107
101,95,96,98,99,100,102,103,104,105,106,107,108
102,95,96,97,98,99,100,101,103,104,105,106,107,108,109
103,24,96,97,98,100,101,102,104,105,106,107,108,110
104,97,98,99,100,101,102,103,105,106,107,108,109,110,111
105,98,99,100,101,102,103,104,106,107,108,109,110,111,112
106,99,100,101,102,103,104,105,107,108,109,110,111,112,113
107,100,101,102,103,104,105,106,108,109,111,112,113,114,119
108,101,102,103,104,105,106,107,109,110,111,112,113,114,115
109,102,104,105,106,107,108,110,111,112,113,114,115,116
110,103,104,105,106,108,109,111,112,113,114,115,116,117
111,82,104,105,106,107,108,109,110,112,113,114,115,116,117,118
112,105,106,107,108,109,110,111,113,114,115,116,117,118,119
113,106,107,108,109,110,111,112,114,115,116,117,118,119,120
114,107,108,109,110,111,112,113,115,116,117,118,119,120,121
115,26,108,109,110,111,112,113,114,116,117,118,119,120,121,122
116,109,110,111,112,113,114,115,117,118,119,120,121,122,123,132
117,18,110,111,112,113,114,115,116,118,119,120,121,122,123,124
118,97,111,112,113,114,115,116,117,120,121,122,123,124,125,140
119,107,112,113,114,115,116,117,120,121,122,123,124,125,126
120,113,114,115,116,117,118,119,121,122,123,124,125,126,127
121,114,115,116,117,118,119,120,122,123,124,125,126,127,128
122,115,116,117,118,119,120,121,123,124,125,126,127,128,129
123,116,117,118,119,120,121,122,124,125,126,127,128,129,130
124,18,117,118,119,120,121,122,123,125,126,127,128,130,131
125,2,78,118,119,120,121,122,123,124,126,128,129,130,132
126,16,94,119,120,121,122,123,124,125,127,128,129,130,131,132,133
127,120,121,122,123,124,126,128,129,130,131,132,133,134
128,66,94,121,122,123,124,125,126,127,129,130,131,132,133,135
129,122,123,125,126,127,128,130,131,132,133,134,135,136
130,123,124,125,126,127,128,129,131,132,133,134,135,136,137
131,60,124,126,127,128,129,130,132,133,134,135,136,138,145,141
132,116,125,126,127,128,129,130,131,133,134,135,137,138,139
133,126,127,128,129,130,131,132,134,135,136,137,138,139,140
134,127,129,130,131,132,133,135,136,137,138,139,140,141
135,18,128,129,130,131,132,133,134,136,137,139,140,141,142
136,129,130,131,133,134,135,137,138,139,140,141,142,143
137,11,130,132,133,134,135,136,138,139,140,141,142,143
138,131,132,133,134,136,137,139,140,141,142,143,144,145
139,24,80,132,133,134,135,136,137,138,141,142,143,145,147
140,74,118,133,134,135,136,137,138,141,142,143,144,145,146
141,131,134,135,136,137,138,139,140,142,143,144,145,146,147,148
142,28,135,136,137,138,139,140,141,143,144,145,146,147,148,149
143,0,136,137,138,139,140,141,142,144,145,146,147,148,149
144,0,1,27,138,140,141,142,143,145,146,147,148,149
145,0,1,2,131,138,139,140,141,142,143,144,146,148,149
146,0,1,2,3,140,141,142,143,144,145,147,148,149
147,0,1,2,4,75,139,141,142,143,144,146,148,149
148,0,1,2,3,4,5,52,141,142,143,144,145,146,147,149
149,0,2,3,4,5,6,91,142,143,144,145,146,147,148
